Subject,Release,Acquisition,Gender,Age,3T_Full_MR_Compl,7T_Full_MR_Compl,MEG_FullProt_Compl
100004,S900,Q06,M,22-25,false,false,false
100206,S900,Q11,M,26-30,true,false,false
100307,Q1,Q01,F,26-30,true,false,false
100408,Q3,Q03,M,31-35,true,false,false
100610,S900,Q08,M,26-30,true,true,false
101006,S500,Q06,F,31-35,true,false,false
101107,S500,Q06,M,22-25,true,false,false
101208,S1200,Q12,F,31-35,false,false,false
101309,S500,Q06,M,26-30,true,false,false
101410,S500,Q06,M,26-30,false,false,false
101612,S900,Q11,F,26-30,false,false,false
101915,Q3,Q04,F,31-35,true,false,false
102008,S500,Q06,M,22-25,false,false,false
102109,S1200,Q13,M,26-30,true,false,false
102311,S500,Q06,F,26-30,true,true,false
102513,S900,Q10,M,26-30,true,false,false
102614,S1200,Q12,M,22-25,true,false,false
102715,S1200,Q12,M,26-30,true,false,false
102816,Q3,Q03,F,26-30,true,true,false
103010,S1200,Q12,M,22-25,false,false,false
103111,S500,Q06,M,26-30,true,false,false
103212,S1200,Q13,M,31-35,true,false,false
103414,Q2,Q02,F,22-25,true,false,false
103515,Q1,Q02,F,26-30,true,false,false
103818,Q1,Q01,F,31-35,true,false,false
104012,MEG2,Q07,F,26-30,true,false,true
104113,S900,Q09,M,26-30,false,false,false
104416,S900,Q09,F,31-35,true,true,false
104820,S500,Q06,F,36+,true,false,false
105014,S500,Q05,F,26-30,true,false,false
105115,Q2,Q02,M,31-35,true,false,false
105216,Q3,Q03,M,26-30,true,false,false
105620,S900,Q08,F,31-35,true,false,false
105923,MEG2,Q07,F,31-35,true,true,true
106016,Q3,Q04,F,31-35,true,false,false
106218,S900,Q09,M,26-30,false,false,false
106319,Q3,Q03,M,26-30,true,false,false
106521,S500,Q06,F,26-30,true,false,true
106824,S1200,Q13,M,22-25,true,false,false
107018,S900,Q09,F,26-30,true,false,false
107119,S900,Q07,M,36+,false,false,false
107220,S900,Q11,F,26-30,false,false,false
107321,S500,Q04,F,22-25,true,false,false
107422,S500,Q07,M,22-25,true,false,false
107523,S900,Q11,M,22-25,false,false,false
107725,S900,Q08,F,31-35,true,false,false
108020,S1200,Q12,M,22-25,true,false,false
108121,S500,Q04,F,26-30,true,false,false
108222,S900,Q07,M,31-35,true,false,false
108323,S500,Q04,F,26-30,true,true,true
108525,S500,Q05,M,22-25,true,false,false
108828,S500,Q05,M,31-35,true,false,false
109123,S500,Q06,M,31-35,true,true,true
109325,S500,Q07,M,31-35,false,false,false
109830,S900,Q08,F,31-35,true,false,false
110007,S900,Q11,F,31-35,true,false,false
110411,Q2,Q02,M,31-35,true,false,false
110613,S900,Q11,M,26-30,true,false,false
111009,S900,Q03,F,26-30,true,false,false
111211,S1200,Q12,F,26-30,true,false,false
111312,Q1,Q01,F,31-35,true,false,false
111413,S500,Q04,F,26-30,true,false,false
111514,MEG2,Q02,M,31-35,true,true,false
111716,Q3,Q04,F,31-35,true,false,false
112112,S900,Q11,M,26-30,true,false,false
112314,S900,Q11,F,26-30,true,false,false
112516,S900,Q08,F,31-35,true,false,false
112819,Q3,Q03,F,26-30,false,false,false
112920,S900,Q10,M,31-35,true,false,false
113215,Q3,Q03,F,26-30,true,false,false
113316,S1200,Q12,M,22-25,true,false,false
113417,S1200,Q12,F,26-30,false,false,false
113619,Q2,Q02,F,31-35,true,false,false
113821,S500,Q05,F,26-30,false,false,false
113922,S500,Q04,M,31-35,true,false,true
114116,S1200,Q12,F,26-30,false,false,false
114217,S900,Q08,F,26-30,true,false,false
114318,S900,Q06,F,22-25,false,false,false
114419,S500,Q07,M,31-35,true,false,false
114621,S900,Q09,M,26-30,true,false,false
114823,S900,Q07,F,31-35,true,true,false
114924,Q1,Q01,M,26-30,false,false,false
115017,S900,Q06,F,31-35,true,true,false
115219,S900,Q09,M,31-35,false,false,false
115320,Q2,Q02,F,31-35,true,false,false
115724,S1200,Q12,F,22-25,true,false,false
115825,S900,Q10,M,22-25,true,true,false
116120,Q2,Q03,F,31-35,false,false,false
116221,S900,Q08,M,22-25,false,false,false
116322,S500,Q06,F,31-35,false,false,false
116423,S1200,Q09,M,26-30,false,false,false
116524,S500,Q05,M,26-30,true,false,false
116726,S900,Q08,M,26-30,true,true,true
117021,S1200,Q12,F,26-30,true,false,false
117122,Q1,Q01,F,26-30,true,false,false
117324,Q3,Q03,F,22-25,true,false,false
117728,S1200,Q10,F,22-25,false,false,false
117930,S900,Q10,F,31-35,true,false,false
118023,S900,Q07,F,26-30,false,false,false
118124,S900,Q07,F,31-35,true,false,false
118225,S900,Q08,M,26-30,true,true,false
118528,S500,Q04,F,26-30,true,false,false
118730,Q2,Q03,M,22-25,true,false,false
118831,S1200,Q13,M,22-25,true,false,false
118932,Q1,Q02,M,26-30,true,false,false
119025,S1200,Q12,M,26-30,true,false,false
119126,S900,Q11,F,22-25,true,false,false
119732,S900,Q10,F,31-35,false,false,false
119833,Q1,Q01,F,26-30,false,false,false
120010,S1200,Q13,F,26-30,false,false,false
120111,Q3,Q03,F,26-30,true,false,false
120212,Q1,Q01,F,31-35,true,false,false
120414,S1200,Q12,F,26-30,true,false,false
120515,S500,Q04,F,26-30,true,false,false
120717,S900,Q09,F,31-35,true,false,false
120818,S1200,Q13,M,22-25,false,false,false
121315,S500,Q05,M,26-30,false,false,false
121416,S900,Q08,M,26-30,true,false,false
121618,S500,Q05,M,31-35,true,false,false
121719,S500,Q06,F,31-35,false,false,false
121820,S900,Q07,F,31-35,false,false,false
121921,S900,Q07,M,31-35,true,false,false
122317,Q3,Q04,M,31-35,true,false,false
122418,S1200,Q13,F,26-30,false,false,false
122519,S900,Q07,F,31-35,false,false,false
122620,S500,Q05,M,26-30,true,false,false
122822,S900,Q07,F,31-35,true,false,false
123117,Q2,Q03,M,26-30,true,false,false
123420,S500,Q06,F,26-30,true,false,false
123521,S900,Q10,M,22-25,true,false,false
123723,S1200,Q09,F,31-35,true,false,false
123824,S900,Q11,M,22-25,false,false,false
123925,S500,Q05,F,26-30,true,false,false
124220,S500,Q05,M,31-35,true,false,false
124321,S900,Q06,M,26-30,false,false,false
124422,Q2,Q03,F,31-35,true,false,false
124624,S900,Q09,F,26-30,true,false,false
124826,S500,Q06,F,31-35,true,false,false
125222,S1200,Q12,M,26-30,true,false,false
125424,S1200,Q11,F,31-35,true,false,false
125525,Q1,Q01,F,31-35,true,true,false
126325,Q3,Q03,F,26-30,true,false,false
126426,S1200,Q12,F,31-35,true,true,false
126628,S500,Q04,M,31-35,true,false,false
126931,Q3,Q04,F,31-35,false,true,false
127226,S1200,Q08,M,22-25,true,false,false
127327,S900,Q08,M,22-25,false,false,false
127630,S500,Q06,F,22-25,true,false,false
127731,S1200,Q09,F,31-35,false,false,false
127832,S1200,Q09,F,31-35,true,false,false
127933,Q3,Q03,M,31-35,true,false,false
128026,S900,Q10,F,26-30,true,false,false
128127,S500,Q05,F,26-30,true,false,false
128329,S500,Q06,F,31-35,false,false,false
128632,Q1,Q02,F,31-35,true,false,false
128935,S900,Q09,M,31-35,true,true,false
129028,Q2,Q03,M,26-30,true,false,false
129129,S900,Q07,F,31-35,true,false,false
129331,S900,Q09,F,26-30,true,false,false
129432,Q3,Q04,M,22-25,false,false,false
129533,Q3,Q04,F,31-35,false,false,false
129634,S900,Q11,M,22-25,true,false,false
129937,S900,Q11,F,26-30,false,false,false
130013,Q1,Q01,M,26-30,true,false,false
130114,S1200,Q08,M,26-30,true,true,false
130316,Q3,Q03,F,26-30,true,false,false
130417,S900,Q07,M,26-30,true,false,false
130518,S1200,Q07,F,31-35,true,true,false
130619,S900,Q10,F,26-30,true,false,false
130720,S1200,Q13,M,31-35,true,false,false
130821,S900,Q10,F,22-25,true,false,false
130922,Q3,Q03,F,31-35,false,false,false
131217,S500,Q06,F,26-30,true,true,false
131419,S900,Q09,F,26-30,true,false,false
131621,Q1,Q02,F,26-30,false,false,false
131722,S500,Q06,F,26-30,true,true,false
131823,S900,Q11,M,26-30,true,false,false
131924,Q3,Q03,M,22-25,true,false,false
132017,S900,Q08,F,22-25,true,false,false
132118,S500,Q04,F,26-30,false,true,false
132320,S900,Q05,F,26-30,false,false,false
133019,S500,Q06,F,26-30,true,false,true
133221,S900,Q07,M,26-30,false,false,false
133625,Q3,Q03,M,26-30,true,false,false
133726,S900,Q11,F,31-35,false,false,false
133827,Q2,Q02,M,22-25,true,false,false
133928,Q2,Q03,M,26-30,true,false,false
134021,S900,Q10,F,31-35,true,false,false
134223,S900,Q11,F,26-30,true,false,false
134324,Q2,Q03,M,26-30,false,false,false
134425,S900,Q07,F,26-30,true,false,false
134627,S1200,Q09,M,26-30,false,true,false
134728,S900,Q08,M,26-30,true,false,false
134829,S900,Q11,F,31-35,true,true,false
135124,S1200,Q13,F,31-35,true,true,false
135225,S500,Q06,F,22-25,true,false,false
135427,S900,Q07,M,22-25,false,false,false
135528,S500,Q05,F,26-30,true,false,false
135629,S1200,Q12,M,22-25,true,false,false
135730,S900,Q09,M,22-25,true,false,false
135932,Q2,Q02,F,26-30,true,false,false
136126,S1200,Q09,M,26-30,false,false,false
136227,S500,Q07,M,31-35,true,false,false
136328,S1200,Q12,M,26-30,false,false,false
136530,S1200,Q13,M,31-35,false,false,false
136631,S1200,Q09,M,22-25,true,false,false
136732,S900,Q07,F,31-35,true,false,false
136833,Q2,Q02,M,31-35,true,false,false
137027,S500,Q05,M,31-35,false,false,false
137128,Q1,Q02,F,31-35,false,true,false
137229,S900,Q10,M,22-25,true,false,false
137431,S1200,Q13,F,31-35,false,false,false
137532,S1200,Q12,M,31-35,true,false,false
137633,S500,Q06,F,22-25,true,false,false
137936,S500,Q05,M,31-35,false,false,false
138130,S1200,Q09,F,31-35,true,false,false
138231,Q1,Q01,F,31-35,true,false,false
138332,S1200,Q13,M,26-30,true,false,false
138534,Q3,Q03,M,22-25,true,false,false
138837,S900,Q11,M,22-25,true,false,false
139233,S500,Q04,F,31-35,true,false,false
139435,S1200,Q13,F,26-30,true,false,false
139637,Q2,Q03,F,31-35,true,false,false
139839,S900,Q07,M,26-30,true,false,false
140117,S500,Q04,F,26-30,true,true,true
140319,S900,Q08,F,36+,true,false,false
140420,Q2,Q02,F,26-30,false,false,false
140723,S900,Q07,M,31-35,false,false,false
140824,Q3,Q04,M,31-35,true,false,false
140925,S500,Q04,F,22-25,true,false,false
141119,S900,Q09,M,26-30,true,false,false
141422,S500,Q06,F,31-35,true,false,false
141624,S900,Q05,F,22-25,false,false,false
141826,S500,Q04,F,26-30,true,false,false
142424,Q3,Q03,M,26-30,false,false,false
142828,Q1,Q01,M,31-35,false,false,false
143224,S1200,Q12,F,26-30,true,false,false
143325,Q1,Q01,F,31-35,true,false,false
143426,S900,Q11,F,26-30,false,false,false
143527,Q3,Q04,M,26-30,false,false,false
143830,S1200,Q06,F,26-30,true,false,false
144125,S900,Q12,F,31-35,true,false,false
144226,Q1,Q01,F,31-35,false,true,false
144428,S900,Q02,M,22-25,true,false,false
144731,S900,Q10,F,26-30,true,false,false
144832,S500,Q06,F,22-25,true,false,false
144933,S1200,Q12,M,26-30,true,false,false
145127,S900,Q08,M,22-25,true,false,false
145531,S500,Q05,M,31-35,false,false,false
145632,S1200,Q08,M,26-30,true,false,false
145834,S500,Q06,F,26-30,true,true,false
146129,MEG2,Q08,M,22-25,true,true,false
146331,S500,Q05,F,26-30,true,false,false
146432,S500,Q06,M,31-35,true,true,false
146533,S900,Q12,M,26-30,true,false,false
146634,S900,Q04,F,26-30,false,false,false
146735,S1200,Q12,F,31-35,true,true,false
146836,S1200,Q11,M,26-30,true,false,false
146937,S900,Q08,F,31-35,true,true,false
147030,S500,Q05,M,26-30,true,false,false
147636,S1200,Q10,F,22-25,true,false,false
147737,S500,Q06,F,31-35,true,false,false
148032,Q3,Q03,F,31-35,true,false,false
148133,S900,Q10,F,26-30,true,true,false
148234,S900,Q03,F,26-30,false,false,false
148335,Q3,Q04,F,31-35,true,false,false
148436,S900,Q08,M,26-30,false,false,false
148840,S500,Q04,F,22-25,true,false,false
148941,S500,Q07,M,26-30,true,false,false
149236,S900,Q08,F,22-25,true,false,false
149337,Q1,Q02,M,31-35,true,false,false
149539,Q2,Q02,M,22-25,true,false,false
149741,S500,Q05,M,26-30,true,false,true
149842,S900,Q10,F,31-35,true,false,false
150019,S900,Q12,M,26-30,false,false,false
150423,Q1,Q01,F,26-30,false,true,false
150524,Q3,Q03,F,26-30,false,false,false
150625,S500,Q04,M,26-30,true,false,false
150726,S500,Q05,M,22-25,true,false,false
150928,S900,Q11,M,22-25,true,false,false
151021,S1200,Q09,M,31-35,false,false,false
151223,Q2,Q02,F,26-30,true,false,false
151324,S1200,Q09,M,22-25,true,false,false
151425,S900,Q09,F,26-30,true,false,false
151526,Q3,Q03,M,26-30,true,false,false
151627,Q2,Q02,F,26-30,true,false,false
151728,S500,Q04,M,31-35,true,false,false
151829,S900,Q10,F,31-35,true,false,false
151930,S1200,Q12,M,31-35,true,false,false
152225,S1200,Q10,M,31-35,true,false,false
152427,S1200,Q13,F,31-35,true,false,false
152831,S500,Q06,M,26-30,true,false,false
152932,S900,Q03,F,22-25,false,false,false
153025,Q3,Q04,F,22-25,true,false,false
153126,S1200,Q13,F,26-30,true,false,false
153227,S900,Q12,F,31-35,true,false,false
153429,Q1,Q02,M,31-35,true,false,false
153631,S900,Q10,F,22-25,false,false,false
153732,MEG2,Q07,F,26-30,false,false,false
153833,S500,Q06,F,22-25,false,false,false
153934,S1200,Q12,M,26-30,false,false,false
154229,S900,Q10,F,22-25,true,false,false
154330,S1200,Q04,M,26-30,false,false,false
154431,Q3,Q03,F,26-30,true,false,false
154532,S900,Q09,M,26-30,true,false,false
154734,S500,Q06,M,31-35,true,false,false
154835,S500,Q07,F,31-35,true,false,false
154936,S500,Q04,M,26-30,true,false,false
155231,S500,Q06,F,31-35,false,false,false
155635,S500,Q04,F,26-30,true,false,false
155938,S900,Q08,M,26-30,true,true,false
156031,S900,Q11,F,26-30,true,false,false
156233,Q3,Q03,F,22-25,true,false,false
156334,MEG2,Q03,F,26-30,true,true,true
156435,S900,Q11,M,22-25,true,false,false
156536,S900,Q12,M,22-25,true,false,false
156637,Q1,Q01,M,31-35,true,false,false
157235,S900,Q09,M,31-35,false,false,false
157336,Q2,Q02,F,31-35,true,true,false
157437,S500,Q04,F,26-30,true,false,false
157942,S900,Q07,F,36+,true,false,false
158035,Q2,Q02,F,26-30,true,true,false
158136,S500,Q04,M,31-35,true,true,false
158338,S900,Q08,M,22-25,true,false,false
158540,Q2,Q02,M,31-35,true,false,false
158843,S900,Q08,M,26-30,true,false,false
159138,S500,Q04,M,31-35,true,false,false
159239,Q1,Q01,F,31-35,true,true,false
159340,Q3,Q04,M,26-30,true,false,false
159441,S500,Q06,F,26-30,true,false,false
159744,S900,Q11,M,31-35,true,false,false
159845,S900,Q11,F,31-35,false,false,false
159946,S900,Q07,M,26-30,false,false,false
160123,Q3,Q03,M,31-35,true,false,false
160729,S900,Q08,F,22-25,false,false,false
160830,S500,Q06,F,26-30,true,false,false
160931,S900,Q08,F,31-35,false,false,false
161327,Q3,Q03,F,26-30,true,false,false
161630,S500,Q04,F,26-30,true,false,false
161731,Q1,Q01,F,31-35,true,false,false
161832,S1200,Q12,M,26-30,true,false,false
162026,S500,Q06,F,31-35,true,false,true
162228,S500,Q07,M,22-25,true,false,false
162329,Q1,Q01,F,26-30,true,false,false
162733,Q3,Q04,F,26-30,true,false,false
162834,S900,Q09,F,26-30,false,false,false
162935,S900,Q09,M,22-25,true,true,true
163129,Q3,Q04,M,26-30,true,false,false
163331,S500,Q06,M,31-35,true,false,false
163432,Q2,Q02,F,31-35,false,false,false
163836,S500,Q06,F,31-35,true,false,false
164030,S500,Q05,M,31-35,true,false,false
164131,S500,Q04,M,26-30,true,true,false
164636,S900,Q09,M,22-25,true,true,true
164939,S500,Q06,F,26-30,true,false,false
165032,S500,Q05,M,22-25,false,false,false
165234,Q3,Q03,F,22-25,false,false,false
165436,S1200,Q12,M,26-30,true,true,false
165638,S900,Q07,M,26-30,true,false,false
165840,Q3,Q03,M,31-35,false,false,false
165941,S1200,Q09,F,26-30,true,false,false
166438,S500,Q04,M,31-35,true,false,false
166640,S900,Q10,M,22-25,false,false,false
167036,S500,Q04,F,26-30,true,true,false
167238,S900,Q08,F,31-35,true,false,false
167440,S1200,Q13,F,26-30,true,true,false
167743,Q1,Q01,F,26-30,false,false,false
168038,S900,Q08,M,26-30,false,false,false
168139,S500,Q07,M,22-25,true,false,false
168240,S900,Q08,M,26-30,true,false,false
168341,S500,Q05,M,31-35,true,false,false
168745,S900,Q11,F,22-25,true,false,false
168947,S1200,Q12,F,26-30,true,false,false
169040,S900,Q08,M,22-25,true,true,true
169141,Q3,Q03,M,22-25,false,false,false
169343,Q2,Q02,F,31-35,false,true,false
169444,S500,Q06,F,26-30,true,true,false
169545,S1200,Q13,M,22-25,true,false,false
169747,S900,Q10,F,26-30,false,true,false
169949,S900,Q11,M,26-30,true,false,false
170631,S900,Q04,F,31-35,true,false,false
170934,S500,Q06,F,26-30,false,false,false
171128,S1200,Q13,F,36+,false,false,false
171330,S900,Q09,M,26-30,true,false,false
171431,S500,Q06,F,26-30,false,false,false
171532,S900,Q08,F,31-35,true,false,false
171633,S500,Q05,M,26-30,true,true,false
171734,S1200,Q13,F,26-30,false,false,false
172029,S500,Q06,M,26-30,true,false,false
172130,S500,Q05,M,26-30,true,true,false
172332,Q1,Q02,F,26-30,true,false,false
172433,S900,Q11,M,22-25,true,false,false
172534,S500,Q04,F,22-25,true,false,false
172635,S1200,Q12,M,31-35,false,false,false
172938,S500,Q04,F,31-35,true,false,false
173132,S500,Q06,M,31-35,false,false,false
173233,S900,Q07,M,26-30,false,false,false
173334,S500,Q04,M,26-30,true,true,false
173435,S500,Q05,F,26-30,true,false,false
173536,S500,Q06,F,31-35,true,false,false
173637,S900,Q09,F,22-25,true,false,false
173738,S900,Q11,M,31-35,true,false,false
173839,S900,Q11,F,22-25,true,false,false
173940,S500,Q05,F,26-30,true,false,false
174437,S900,Q01,F,31-35,true,false,false
174841,S900,Q09,M,22-25,true,false,false
175035,S500,Q05,M,22-25,true,false,false
175136,S1200,Q12,F,22-25,true,false,false
175237,S900,Q10,F,31-35,true,true,true
175338,S900,Q10,F,22-25,true,false,false
175439,Q2,Q02,F,31-35,true,false,false
175540,MEG2,Q03,M,31-35,false,false,false
175742,S900,Q08,F,31-35,true,false,false
175944,S900,Q11,M,26-30,false,false,false
176037,S900,Q08,F,26-30,true,false,false
176239,S900,Q07,M,31-35,true,false,false
176441,S900,Q11,M,26-30,true,false,false
176542,Q3,Q03,F,26-30,true,true,false
176744,S900,Q08,M,31-35,false,false,false
176845,S1200,Q11,F,26-30,true,false,false
177140,S1200,Q13,F,31-35,true,true,false
177241,S900,Q08,M,26-30,true,false,false
177342,S900,Q09,M,22-25,false,false,false
177645,S500,Q05,F,26-30,true,true,false
177746,Q2,Q02,F,26-30,false,true,true
178142,S500,Q05,F,26-30,true,true,false
178243,S900,Q10,M,22-25,true,true,false
178647,S900,Q08,F,31-35,true,true,false
178748,S500,Q04,M,31-35,false,false,false
178849,S500,Q06,M,22-25,true,false,false
178950,Q3,Q04,M,31-35,true,false,false
179043,S500,Q05,F,26-30,false,false,false
179245,S900,Q10,F,31-35,true,false,false
179346,S500,Q06,F,26-30,true,false,false
179548,S500,Q05,F,26-30,false,false,false
179952,S900,Q06,F,26-30,false,false,false
180129,S500,Q06,F,26-30,true,false,false
180230,S1200,Q13,F,26-30,true,false,false
180432,S500,Q04,F,31-35,true,false,false
180533,S1200,Q12,F,31-35,false,true,false
180735,S900,Q08,F,31-35,true,false,false
180836,S500,Q05,F,31-35,true,false,false
180937,S500,Q06,M,36+,true,false,false
181131,S500,Q06,F,31-35,true,false,false
181232,S500,Q04,F,26-30,true,true,false
181636,S900,Q08,F,31-35,true,false,false
182032,S900,Q07,F,31-35,false,false,false
182436,S900,Q07,F,31-35,true,true,false
182739,Q1,Q01,F,26-30,true,true,false
182840,Q2,Q03,M,31-35,false,false,false
183034,S500,Q05,M,31-35,true,false,false
183337,S900,Q09,F,31-35,false,false,false
183741,S1200,Q12,M,31-35,false,false,false
184642,S1200,Q12,F,31-35,false,false,false
185038,S1200,Q11,M,31-35,true,false,false
185139,Q2,Q01,F,31-35,true,false,false
185341,S900,Q09,F,22-25,true,false,false
185442,S500,Q07,M,22-25,true,true,true
185846,S900,Q10,M,26-30,false,false,false
185947,S900,Q08,F,26-30,true,false,false
186040,S1200,Q09,M,26-30,false,false,false
186141,S500,Q04,M,31-35,true,false,false
186242,S900,Q11,M,26-30,false,false,false
186444,S900,Q10,F,22-25,true,false,false
186545,S1200,Q13,F,31-35,true,false,false
186848,S1200,Q12,F,26-30,true,false,false
186949,S1200,Q13,M,22-25,false,true,false
187143,S500,Q05,M,26-30,false,false,false
187345,S900,Q09,F,31-35,true,true,false
187547,S500,Q06,F,31-35,true,false,false
187850,S500,Q06,M,22-25,true,false,false
188145,S1200,Q12,F,31-35,true,false,false
188246,S900,Q08,M,26-30,false,false,false
188347,Q3,Q04,F,26-30,true,false,false
188448,S900,Q11,F,22-25,true,false,false
188549,S900,Q08,M,22-25,true,false,false
188751,S900,Q10,M,26-30,true,false,false
189349,S500,Q05,F,26-30,true,false,false
189450,Q3,Q04,M,22-25,true,false,false
189551,S1200,Q12,F,31-35,false,false,false
189652,S1200,Q13,M,26-30,true,false,false
190031,Q3,Q03,F,26-30,true,false,false
190132,S900,Q07,F,31-35,false,false,false
190940,S1200,Q13,M,31-35,false,false,false
191033,S500,Q06,F,26-30,true,true,true
191235,S1200,Q10,M,22-25,true,false,false
191336,S500,Q04,M,26-30,true,true,false
191437,Q1,Q02,F,31-35,false,false,true
191639,S900,Q02,M,22-25,false,false,false
191841,S500,Q04,F,26-30,true,true,false
191942,S900,Q11,M,26-30,true,false,false
192035,S900,Q07,F,26-30,true,false,false
192136,S900,Q11,M,22-25,true,false,false
192237,S1200,Q11,F,31-35,true,false,false
192439,Q1,Q01,F,31-35,false,true,false
192540,Q1,Q01,F,26-30,true,false,false
192641,MEG2,Q07,F,31-35,true,true,true
192843,S500,Q05,M,26-30,true,false,false
193239,Q2,Q02,F,26-30,true,false,false
193441,S900,Q07,M,26-30,false,false,false
193845,S1200,Q13,M,22-25,true,true,false
194140,Q1,Q01,F,26-30,true,false,false
194443,S1200,Q12,M,26-30,true,false,false
194645,S500,Q06,M,26-30,true,false,false
194746,S900,Q07,M,31-35,true,false,false
194847,S500,Q04,F,31-35,true,false,false
194948,S900,Q04,F,31-35,false,false,false
195041,S500,Q07,F,31-35,true,true,false
195445,S900,Q09,F,26-30,true,false,false
195647,Q2,Q02,F,31-35,false,false,false
195849,S500,Q05,M,22-25,true,false,false
195950,S900,Q10,M,26-30,true,false,false
196144,Q2,Q02,F,31-35,true,true,false
196346,S900,Q11,M,26-30,true,false,false
196548,S900,Q03,M,22-25,false,false,false
196750,Q3,Q03,F,26-30,true,false,false
196851,S1200,Q09,M,26-30,false,false,false
196952,S1200,Q13,F,26-30,false,false,false
197348,S500,Q06,F,26-30,true,true,false
197449,Q3,Q04,F,22-25,false,false,false
197550,Q1,Q01,F,26-30,false,false,false
197651,S500,Q04,F,31-35,false,false,false
197954,S500,Q05,F,31-35,false,false,false
198047,S1200,Q13,F,26-30,true,false,false
198249,S900,Q08,M,26-30,true,false,false
198350,S500,Q05,M,31-35,true,false,false
198451,Q3,Q03,M,26-30,true,false,false
198653,S900,Q10,M,22-25,true,true,true
198855,S500,Q05,M,26-30,true,false,false
199150,Q1,Q01,F,26-30,true,false,false
199251,Q1,Q01,F,31-35,false,false,false
199352,S1200,Q12,F,22-25,true,false,false
199453,S500,Q05,M,22-25,true,false,false
199554,S1200,Q03,M,31-35,false,false,false
199655,Q3,Q03,M,31-35,true,true,false
199958,S500,Q05,M,31-35,true,false,false
200008,S900,Q09,F,26-30,true,false,false
200109,S500,Q06,F,31-35,true,false,false
200210,S900,Q11,M,26-30,false,true,false
200311,S900,Q09,M,31-35,true,true,false
200513,S1200,Q12,M,22-25,true,false,false
200614,Q1,Q01,F,31-35,true,true,false
200816,S1200,Q12,F,26-30,false,false,false
200917,S900,Q10,F,22-25,true,false,false
201111,Q1,Q01,M,26-30,true,false,false
201414,Q3,Q04,F,22-25,true,false,false
201515,S900,Q09,M,26-30,true,true,false
201717,S900,Q03,M,22-25,false,false,false
201818,S500,Q05,F,26-30,true,false,false
202113,S900,Q10,F,22-25,true,false,false
202719,S900,Q11,M,22-25,true,false,false
202820,S1200,Q12,F,36+,false,false,false
203418,S500,Q04,M,26-30,true,true,false
203721,S900,Q06,F,31-35,false,false,false
203923,S900,Q09,F,26-30,true,false,false
204016,S500,Q06,F,22-25,true,false,false
204117,S900,Q05,F,26-30,false,false,false
204218,S1200,Q09,M,26-30,true,false,false
204319,S900,Q08,F,26-30,true,false,false
204420,S900,Q09,F,26-30,true,false,false
204521,S500,Q07,F,31-35,true,true,true
204622,S900,Q09,F,26-30,true,false,false
205119,Q2,Q03,M,31-35,true,false,true
205220,S500,Q05,F,26-30,true,true,false
205725,Q2,Q02,F,22-25,true,false,false
205826,Q3,Q03,M,31-35,true,false,false
206222,S900,Q10,M,26-30,true,false,false
206323,S1200,Q12,F,31-35,true,false,false
206525,S1200,Q09,M,26-30,true,false,false
206727,S1200,Q09,M,22-25,true,false,false
206828,S1200,Q11,M,22-25,true,false,false
206929,S1200,Q12,M,31-35,true,false,false
207123,S900,Q10,M,26-30,true,false,false
207426,S900,Q08,M,26-30,true,false,false
207628,Q2,Q02,M,31-35,false,false,false
208024,S500,Q04,F,31-35,false,false,false
208125,S900,Q08,F,26-30,true,false,false
208226,Q3,Q03,F,22-25,true,false,false
208327,S500,Q06,M,26-30,true,false,false
208428,Q3,Q04,F,31-35,false,false,false
208630,S1200,Q12,M,31-35,false,false,false
208832,S900,Q04,F,31-35,false,false,false
209127,S900,Q07,F,31-35,true,false,false
209228,S900,Q08,F,26-30,true,true,false
209329,S900,Q11,F,31-35,true,false,false
209531,S1200,Q12,F,36+,false,false,false
209834,S500,Q05,F,26-30,false,false,false
209935,Q3,Q03,M,22-25,true,false,false
210011,S500,Q05,M,22-25,true,false,false
210112,S1200,Q11,M,22-25,true,false,false
210415,S500,Q06,F,26-30,true,false,false
210617,Q1,Q02,F,31-35,true,false,false
211114,S900,Q06,F,26-30,true,false,false
211215,S500,Q04,M,26-30,true,false,false
211316,S500,Q06,F,31-35,true,false,false
211417,Q3,Q03,M,36+,true,false,false
211518,S900,Q07,F,22-25,false,false,false
211619,S1200,Q13,M,26-30,true,false,false
211720,Q3,Q04,M,31-35,true,false,false
211821,S1200,Q06,M,26-30,true,false,false
211922,S500,Q06,F,26-30,true,false,false
212015,S900,Q11,M,22-25,true,false,false
212116,S500,Q06,M,26-30,true,false,false
212217,S500,Q05,F,22-25,true,false,false
212318,Q2,Q02,F,31-35,true,false,true
212419,S500,Q05,F,26-30,true,true,false
212520,S1200,Q12,F,31-35,false,false,false
212823,S900,Q10,M,22-25,true,false,true
212924,S900,Q07,F,26-30,false,false,false
213017,S1200,Q11,M,22-25,true,false,false
213421,S900,Q11,F,26-30,true,false,false
213522,S1200,Q12,M,26-30,true,false,false
214019,Q2,Q02,F,31-35,true,true,false
214221,Q2,Q03,F,22-25,true,false,false
214423,Q2,Q02,M,22-25,true,false,false
214524,S900,Q09,M,22-25,true,true,false
214625,S900,Q11,F,31-35,false,false,false
214726,S500,Q06,M,22-25,true,false,false
217126,Q3,Q04,M,22-25,true,false,false
217429,Q1,Q01,F,31-35,true,false,false
218128,S900,Q11,M,26-30,false,false,false
219231,S1200,Q05,M,26-30,true,false,false
220721,S900,Q07,M,26-30,true,false,false
221218,S900,Q08,F,26-30,false,false,false
221319,Q2,Q03,F,26-30,true,true,false
223929,S900,Q09,M,31-35,true,false,false
224022,Q3,Q03,F,26-30,true,false,false
227432,S900,Q07,M,31-35,true,false,false
227533,S1200,Q08,F,31-35,true,false,false
228434,S900,Q08,F,22-25,true,false,false
230926,Q1,Q01,F,26-30,false,false,false
231928,S500,Q04,F,26-30,true,false,false
233326,S500,Q04,M,31-35,true,true,false
235128,Q1,Q01,F,26-30,false,false,false
236130,S900,Q11,F,26-30,true,false,false
237334,S900,Q11,F,22-25,true,false,false
238033,S1200,Q09,M,31-35,true,false,false
239136,S1200,Q09,F,26-30,false,true,false
239944,Q3,Q03,F,31-35,true,false,false
245333,Q3,Q03,F,31-35,true,false,false
246133,Q3,Q03,F,26-30,true,true,false
248238,S1200,Q13,F,31-35,false,false,false
248339,S900,Q09,M,26-30,true,false,false
249947,Q1,Q01,F,31-35,false,true,false
250427,Q1,Q01,F,31-35,true,false,false
250932,S500,Q05,F,31-35,true,false,false
251833,Q3,Q03,M,31-35,true,true,false
255639,Q1,Q01,F,26-30,true,false,true
255740,S1200,Q10,F,26-30,true,false,false
256540,S500,Q05,F,22-25,true,false,false
257542,S900,Q11,F,26-30,true,false,false
257845,S900,Q09,M,26-30,true,true,true
257946,S1200,Q08,F,26-30,true,false,false
263032,S900,Q09,F,22-25,false,false,false
263436,S900,Q10,F,31-35,true,true,false
268749,S900,Q10,M,26-30,true,false,false
268850,S500,Q05,F,22-25,true,false,false
270332,S900,Q07,M,31-35,true,false,false
274542,S1200,Q13,F,26-30,true,false,false
275645,S900,Q10,M,22-25,true,false,false
280739,Q3,Q04,F,31-35,true,false,false
280941,S900,Q11,F,26-30,false,false,false
281135,S1200,Q12,M,26-30,true,false,false
283543,S900,Q09,M,22-25,true,true,true
284646,Q3,Q03,M,26-30,false,false,false
285345,S500,Q07,F,31-35,true,false,false
285446,S500,Q06,M,31-35,true,false,false
286347,S1200,Q13,F,26-30,false,false,false
286650,S900,Q09,M,26-30,true,false,false
287248,MEG2,Q08,F,26-30,true,false,true
289555,S500,Q06,F,31-35,false,false,false
290136,S500,Q06,F,26-30,true,false,false
293748,Q2,Q02,F,31-35,true,false,true
295146,S900,Q07,F,26-30,true,false,false
297655,S900,Q08,F,31-35,true,false,false
298051,Q2,Q02,F,31-35,true,false,false
298455,S500,Q06,M,22-25,true,false,false
299154,S900,Q11,M,22-25,true,false,false
299760,S1200,Q09,M,26-30,true,false,false
300618,S900,Q04,M,22-25,true,false,false
300719,S1200,Q13,M,26-30,true,false,false
303119,S500,Q05,F,26-30,true,false,false
303624,S500,Q04,M,31-35,true,false,false
304020,Q1,Q02,M,31-35,true,false,false
304727,S900,Q09,F,31-35,true,false,false
305830,S900,Q10,F,22-25,true,false,false
307127,Q1,Q02,F,31-35,true,false,false
308129,S900,Q11,M,22-25,true,false,false
308331,S500,Q04,M,26-30,true,false,false
309636,S900,Q09,F,26-30,true,false,false
310621,S500,Q06,F,31-35,true,false,false
311320,S900,Q09,M,26-30,true,false,false
314225,S1200,Q12,M,22-25,true,false,false
316633,S500,Q05,F,26-30,true,false,false
316835,S900,Q10,F,26-30,true,false,false
317332,S900,Q07,M,26-30,false,false,false
318637,S900,Q09,M,26-30,true,true,false
320826,S900,Q10,F,31-35,true,true,false
321323,S900,Q11,F,31-35,true,false,false
322224,S900,Q08,F,31-35,true,false,false
325129,S1200,Q13,M,31-35,true,false,false
329440,Q1,Q01,M,26-30,false,false,false
329844,S1200,Q07,M,26-30,true,false,false
330324,S900,Q09,M,26-30,true,true,false
333330,S900,Q10,F,31-35,true,false,false
334635,S500,Q05,F,22-25,true,false,false
336841,S900,Q08,M,26-30,true,false,false
339847,S500,Q04,F,26-30,true,false,false
341733,S1200,Q12,F,31-35,false,false,false
341834,S900,Q07,M,26-30,true,false,false
341935,Q3,Q04,F,26-30,false,false,false
342129,S1200,Q09,M,26-30,true,false,false
346137,S900,Q08,M,26-30,true,true,false
346945,S900,Q07,F,22-25,true,false,false
348545,S900,Q10,M,22-25,false,false,false
349244,S1200,Q08,M,26-30,true,false,false
350330,S1200,Q13,F,22-25,true,false,false
351938,Q3,Q03,F,22-25,false,false,false
352132,S500,Q05,M,26-30,true,false,false
352738,S500,Q04,M,31-35,false,true,false
353740,S900,Q10,M,22-25,true,false,true
354439,S900,Q11,F,26-30,false,false,false
354944,S900,Q12,M,22-25,false,false,false
355239,Q3,Q04,F,26-30,false,false,false
355542,Q1,Q01,F,26-30,false,false,false
355845,S1200,Q13,F,26-30,false,false,false
356948,S500,Q04,F,26-30,false,false,false
358144,S900,Q10,F,26-30,true,false,true
360030,S1200,Q13,F,31-35,true,true,false
361234,S900,Q12,F,31-35,true,false,false
361941,Q3,Q03,M,26-30,true,false,false
362034,S1200,Q13,F,31-35,false,false,false
365343,S500,Q06,F,26-30,true,true,false
366042,S500,Q04,F,26-30,true,false,false
366446,Q3,Q03,M,22-25,true,false,false
368551,S1200,Q09,M,26-30,false,false,false
368753,S1200,Q12,F,31-35,true,false,false
370740,S900,Q03,F,26-30,false,false,false
371843,Q3,Q03,F,31-35,true,false,false
373039,S900,Q12,F,26-30,false,false,false
376247,S1200,Q13,F,26-30,true,false,false
377451,S500,Q05,F,26-30,true,false,false
378756,S1200,Q12,M,26-30,true,false,false
378857,S900,Q08,F,31-35,false,false,false
379657,S900,Q10,F,26-30,true,false,false
380036,S500,Q05,M,26-30,true,true,false
381038,S900,Q08,F,26-30,true,true,false
381543,S900,Q09,F,22-25,true,false,false
382242,S500,Q04,F,31-35,false,false,false
382545,S900,Q11,M,31-35,false,false,false
384448,S1200,Q08,M,31-35,false,false,false
385046,S1200,Q09,M,26-30,true,true,false
385450,S500,Q05,M,26-30,true,false,false
386250,S500,Q04,M,22-25,true,false,false
387959,S900,Q10,M,26-30,true,false,false
389357,S900,Q07,F,26-30,true,true,false
390645,Q3,Q03,F,26-30,true,false,false
391748,S900,Q11,F,31-35,true,false,false
392447,S1200,Q07,M,31-35,true,false,false
392750,S1200,Q08,M,31-35,false,false,false
393247,S900,Q08,F,31-35,true,true,false
393550,S900,Q08,M,26-30,true,false,false
394956,S1200,Q12,F,26-30,true,false,false
395251,S900,Q11,F,26-30,true,false,false
395756,S900,Q11,F,31-35,true,true,false
395958,S500,Q05,M,26-30,true,false,false
397154,S500,Q05,F,26-30,true,false,false
397760,Q2,Q02,M,31-35,true,true,false
397861,S500,Q06,M,31-35,true,false,false
398964,S900,Q09,F,31-35,false,false,false
401422,S1200,Q08,F,31-35,true,true,false
403628,S900,Q11,F,26-30,false,false,false
406432,S900,Q08,M,26-30,false,false,false
406836,S900,Q10,F,31-35,true,true,true
412528,S500,Q04,F,31-35,true,true,false
413934,S1200,Q09,F,31-35,true,false,false
414229,Q2,Q03,M,31-35,true,false,false
415837,S500,Q06,F,22-25,true,false,false
419239,S1200,Q12,F,26-30,true,false,false
421226,S1200,Q13,M,31-35,true,false,false
422632,S500,Q04,F,22-25,true,false,false
424939,S900,Q10,M,26-30,true,false,false
429040,S900,Q02,F,31-35,true,true,false
432332,S900,Q10,F,31-35,true,false,false
433839,S500,Q04,M,26-30,true,false,false
435136,S1200,Q12,M,31-35,false,false,false
436239,S500,Q05,F,26-30,true,false,false
436845,S500,Q04,F,26-30,true,true,false
441939,S500,Q07,F,26-30,true,false,false
445543,S500,Q05,M,26-30,true,false,false
446545,S900,Q08,F,26-30,false,false,false
448347,Q2,Q02,M,26-30,true,false,false
449753,S900,Q10,M,22-25,true,false,false
453441,S900,Q07,M,31-35,true,false,false
453542,S1200,Q12,F,31-35,true,false,false
454140,S1200,Q12,M,31-35,true,false,false
456346,S900,Q10,F,22-25,true,false,false
457045,S1200,Q12,F,22-25,false,false,false
459453,S900,Q09,F,26-30,true,false,false
461743,S1200,Q11,M,26-30,true,false,false
462139,S1200,Q13,F,26-30,false,false,false
463040,S1200,Q13,F,31-35,true,true,false
465852,S500,Q05,F,26-30,true,false,false
467351,S900,Q03,M,31-35,true,true,false
468050,S1200,Q08,F,31-35,true,false,false
469961,S1200,Q13,F,26-30,true,false,false
473952,S500,Q07,F,31-35,false,false,false
475855,S500,Q06,F,26-30,false,false,false
479762,S500,Q04,M,22-25,true,false,false
480141,S500,Q04,F,22-25,true,false,false
481042,S1200,Q12,F,31-35,true,false,false
481143,S900,Q04,F,31-35,false,false,false
481951,S900,Q10,F,22-25,true,false,false
485757,Q2,Q03,F,31-35,true,false,false
486759,S500,Q05,M,31-35,true,false,false
492754,S900,Q11,F,26-30,false,false,false
495255,S900,Q10,M,31-35,true,false,false
497764,S900,Q07,M,22-25,false,false,false
497865,Q3,Q04,M,26-30,true,false,false
499566,Q1,Q01,F,26-30,true,false,false
500222,S500,Q05,F,26-30,true,false,false
506234,S900,Q11,M,26-30,true,false,false
510225,S1200,Q08,F,26-30,true,false,false
510326,S500,Q05,F,26-30,true,false,false
512835,MEG2,Q07,M,31-35,true,false,false
513130,S1200,Q12,F,26-30,true,false,false
513736,S900,Q07,F,22-25,true,false,false
516742,S1200,Q11,M,31-35,true,false,false
517239,S900,Q11,M,22-25,true,false,false
518746,S1200,Q12,M,22-25,true,false,false
519647,S1200,Q13,M,26-30,true,false,false
519950,S500,Q04,F,31-35,true,false,false
520228,S900,Q10,M,22-25,true,false,false
521331,S500,Q04,F,26-30,false,false,false
522434,S500,Q05,F,26-30,true,false,false
523032,S900,Q09,M,31-35,true,false,false
524135,S900,Q10,M,22-25,true,false,false
525541,S900,Q10,F,26-30,true,true,false
529549,S900,Q07,F,26-30,true,false,false
529953,S900,Q10,M,26-30,true,false,false
530635,Q1,Q02,M,26-30,true,false,false
531536,S500,Q05,M,31-35,true,false,false
531940,S1200,Q13,F,22-25,false,false,false
536647,S900,Q08,F,31-35,true,false,false
537952,S1200,Q12,F,26-30,false,false,false
540436,S500,Q06,M,31-35,true,false,false
541640,S1200,Q06,M,26-30,true,false,false
541943,Q3,Q03,F,26-30,true,true,false
545345,Q3,Q04,M,31-35,true,false,false
547046,Q3,Q04,F,26-30,false,true,false
548250,S900,Q08,M,22-25,true,false,false
549757,S900,Q05,F,26-30,false,false,false
550035,S900,Q10,M,26-30,false,false,false
550439,S1200,Q12,M,22-25,false,true,false
551138,S900,Q12,F,26-30,false,false,false
552241,S1200,Q12,M,22-25,true,false,false
552544,Q2,Q03,F,31-35,false,false,false
553344,S900,Q11,F,31-35,true,false,false
555348,S900,Q09,F,31-35,true,false,false
555651,S900,Q11,F,31-35,true,false,false
555954,S1200,Q09,M,26-30,true,false,false
557857,S900,Q09,M,22-25,true,false,false
558657,S1200,Q13,M,22-25,true,false,false
558960,S1200,Q12,F,31-35,true,false,false
559053,Q1,Q02,F,31-35,true,false,true
559457,S1200,Q13,M,31-35,true,false,false
561242,Q3,Q03,F,22-25,true,false,false
561444,S900,Q11,M,22-25,true,false,false
561949,S1200,Q12,M,26-30,true,false,false
562345,S900,Q07,F,31-35,true,true,false
562446,S500,Q06,F,31-35,true,false,false
564046,S500,Q05,M,31-35,false,false,false
565452,S500,Q05,F,22-25,true,false,false
566454,S500,Q06,F,26-30,true,false,false
567052,S500,Q05,M,31-35,true,false,false
567759,S1200,Q09,F,26-30,true,false,false
567961,S500,Q06,F,22-25,true,false,false
568963,S500,Q05,F,31-35,true,false,true
569864,S500,Q06,F,26-30,false,false,false
569965,S1200,Q13,F,31-35,false,false,false
570243,Q3,Q03,F,26-30,true,false,false
571043,S900,Q08,F,26-30,false,false,false
571144,S900,Q09,M,22-25,true,false,false
571548,Q3,Q04,M,26-30,false,false,false
572045,S900,Q08,F,31-35,true,true,false
573249,S500,Q04,M,26-30,true,true,false
573451,S500,Q07,M,22-25,true,false,false
574958,S900,Q09,M,31-35,false,false,false
576255,S900,Q10,F,31-35,true,false,false
577762,S1200,Q12,F,31-35,false,false,false
578057,S1200,Q13,F,26-30,false,false,false
578158,S1200,Q13,M,26-30,false,false,false
579665,Q2,Q02,F,31-35,false,false,false
579867,S900,Q10,F,31-35,true,false,false
580044,S500,Q05,F,26-30,true,false,false
580347,S500,Q04,F,26-30,false,false,false
580650,S900,Q09,F,31-35,true,false,false
580751,S900,Q10,M,22-25,true,false,false
581349,Q2,Q02,M,31-35,true,false,false
581450,S900,Q09,M,22-25,true,true,true
583858,S500,Q05,M,31-35,true,false,false
584355,S900,Q09,M,31-35,false,false,false
585256,S900,Q11,F,31-35,true,false,false
585862,Q1,Q01,F,26-30,false,false,false
586460,Q3,Q03,F,26-30,true,false,false
587664,S900,Q08,F,26-30,true,false,false
588565,S900,Q09,M,31-35,true,false,false
589567,S1200,Q13,M,22-25,true,false,false
590047,S1200,Q09,M,22-25,true,false,false
592455,S500,Q06,M,31-35,false,false,false
594156,S500,Q06,M,26-30,true,false,false
597869,S900,Q11,M,31-35,true,false,false
598568,Q2,Q03,M,26-30,true,false,false
599065,S900,Q04,M,22-25,true,false,false
599469,S500,Q04,F,31-35,true,false,false
599671,S500,Q05,M,26-30,true,false,true
601127,S500,Q07,M,22-25,false,true,true
604537,S900,Q11,M,22-25,true,false,false
609143,S900,Q08,F,31-35,true,false,false
611231,Q1,Q01,F,31-35,false,false,false
611938,S900,Q09,M,22-25,true,false,false
613235,S900,Q11,F,26-30,false,false,false
613538,S500,Q04,F,26-30,true,false,false
614439,S900,Q08,F,26-30,false,false,false
615441,S1200,Q12,M,22-25,false,false,false
615744,S900,Q09,F,26-30,true,false,false
616645,S900,Q11,M,22-25,true,false,false
617748,S900,Q11,F,26-30,true,true,false
618952,S900,Q11,M,22-25,true,false,false
620333,S1200,Q12,F,26-30,false,false,false
620434,S500,Q05,F,26-30,false,false,false
622236,S500,Q06,M,22-25,true,false,false
623137,S1200,Q13,F,31-35,false,false,false
623844,S500,Q05,M,26-30,true,false,false
626648,S900,Q10,F,22-25,true,false,false
627549,Q2,Q02,F,31-35,true,true,false
627852,S900,Q10,M,26-30,true,false,false
628248,S900,Q08,M,26-30,true,false,false
630134,S1200,Q12,F,31-35,false,false,false
632037,S1200,Q13,F,22-25,false,false,false
632845,S900,Q04,M,26-30,false,false,false
633847,S900,Q08,F,22-25,true,false,false
634748,S1200,Q13,F,22-25,true,false,false
635245,S1200,Q12,M,26-30,true,false,false
638049,Q1,Q02,F,31-35,true,true,false
644044,S500,Q06,M,31-35,false,false,false
644246,S1200,Q12,F,31-35,false,true,false
645450,S900,Q09,F,26-30,true,false,false
645551,Q2,Q03,F,22-25,true,false,false
646048,S900,Q05,F,31-35,false,false,false
647858,S900,Q11,M,26-30,true,false,false
650746,S500,Q04,M,26-30,false,false,false
654350,S900,Q08,F,26-30,true,false,false
654552,S1200,Q12,F,31-35,true,true,false
654754,Q2,Q02,F,31-35,true,false,false
656253,S900,Q07,M,26-30,true,false,false
656657,S900,Q11,M,22-25,true,false,false
657659,S900,Q12,F,22-25,true,false,false
660951,MEG2,Q08,F,26-30,true,false,true
662551,MEG2,Q07,M,26-30,false,false,true
663755,S900,Q11,F,22-25,true,false,false
664757,S900,Q11,M,26-30,true,false,false
665254,Q1,Q01,F,31-35,true,false,false
667056,S900,Q10,M,22-25,true,false,true
668361,S900,Q09,M,31-35,true,false,false
671855,S900,Q09,M,26-30,true,true,false
672756,Q1,Q01,M,31-35,true,false,false
673455,S500,Q06,F,31-35,true,false,false
675661,S1200,Q12,M,31-35,true,false,false
677766,S900,Q09,M,26-30,true,false,false
677968,Q2,Q03,F,31-35,true,false,false
679568,S500,Q06,F,26-30,true,false,false
679770,S900,Q09,M,26-30,true,false,true
680250,S900,Q08,F,22-25,false,false,false
680452,S1200,Q13,F,31-35,true,false,false
680957,Q3,Q03,F,26-30,true,true,true
683256,S500,Q04,F,26-30,true,false,false
685058,Q1,Q02,M,31-35,false,false,false
686969,S900,Q11,M,22-25,false,false,false
687062,S900,Q05,M,26-30,false,false,false
687163,S500,Q06,M,22-25,true,false,false
688569,S1200,Q02,F,26-30,false,false,false
689369,S900,Q05,M,31-35,false,false,false
689470,S1200,Q12,M,36+,false,false,false
690152,S500,Q05,M,26-30,true,true,false
692964,S1200,Q12,M,22-25,true,false,false
693461,S900,Q08,F,31-35,false,false,false
693764,S900,Q11,M,31-35,true,false,false
694362,S1200,Q13,F,22-25,true,false,false
695768,S500,Q06,M,26-30,true,false,false
696063,S900,Q04,F,31-35,false,false,false
698168,S1200,Q12,M,22-25,true,false,false
700634,S900,Q10,M,26-30,true,false,false
701535,S1200,Q13,F,31-35,false,false,false
702133,Q2,Q02,F,31-35,true,false,false
704238,Q3,Q03,M,26-30,true,false,false
705341,Q3,Q03,M,31-35,true,false,false
706040,S900,Q08,F,22-25,false,true,true
707244,Q1,Q02,F,26-30,false,false,false
707749,S900,Q07,M,31-35,true,false,true
709551,S500,Q06,F,31-35,true,false,false
713239,Q3,Q03,F,26-30,false,false,false
715041,S500,Q06,F,31-35,false,false,false
715647,Q3,Q03,F,31-35,false,false,false
715950,MEG2,Q07,F,26-30,true,false,false
720337,S900,Q07,M,22-25,true,false,false
723141,S1200,Q12,M,31-35,true,false,false
724446,S900,Q11,M,22-25,true,true,false
725751,S900,Q05,M,26-30,true,true,true
727553,S900,Q07,F,26-30,false,false,false
727654,S900,Q03,F,22-25,false,false,false
728454,S1200,Q12,M,22-25,true,false,false
729254,S500,Q05,M,22-25,false,false,false
729355,S1200,Q13,M,26-30,false,false,false
729557,Q1,Q01,F,22-25,true,false,false
731140,S900,Q11,F,31-35,true,false,false
732243,Q1,Q02,F,31-35,true,true,false
733548,S900,Q02,F,31-35,false,false,false
734045,Q2,Q03,M,22-25,true,false,false
734247,S900,Q08,F,31-35,false,false,false
735148,S900,Q06,M,22-25,true,false,true
737960,S900,Q07,F,22-25,false,false,false
742549,S500,Q06,M,26-30,true,false,false
743248,S900,Q05,M,31-35,false,false,false
744553,S900,Q11,F,31-35,true,false,false
745555,Q3,Q04,F,31-35,false,true,false
748056,S900,Q10,M,31-35,false,false,false
748258,Q2,Q03,F,22-25,true,false,false
748662,S500,Q05,F,31-35,false,false,false
749058,S900,Q11,M,22-25,true,false,false
749361,Q3,Q03,F,26-30,false,false,false
751348,Q3,Q03,M,26-30,true,false,false
751550,S900,Q10,F,26-30,false,true,false
753150,S900,Q10,M,22-25,true,false,false
753251,Q2,Q02,M,26-30,false,false,false
756055,Q3,Q03,M,22-25,true,false,false
757764,S1200,Q13,F,36+,true,true,false
759869,S500,Q05,M,31-35,true,false,false
760551,S1200,Q12,F,26-30,false,false,false
761957,Q3,Q03,F,26-30,true,false,false
763557,S1200,Q09,M,26-30,true,false,false
765056,Q3,Q03,M,26-30,true,false,false
765864,S1200,Q08,F,26-30,true,true,false
766563,S900,Q11,M,26-30,false,false,false
767464,S900,Q09,F,26-30,true,false,false
769064,S900,Q10,M,26-30,true,false,false
770352,S500,Q04,F,26-30,true,true,false
771354,S500,Q04,F,26-30,true,true,false
773257,S900,Q10,M,26-30,true,false,false
774663,S1200,Q13,M,26-30,true,false,false
779370,S500,Q04,F,26-30,true,false,false
782157,S500,Q05,M,26-30,false,false,false
782561,S500,Q06,F,31-35,true,true,false
783462,MEG2,Q08,M,22-25,true,true,true
784565,S500,Q06,F,26-30,true,false,false
786569,S500,Q04,F,31-35,false,false,false
788674,S1200,Q11,F,31-35,true,false,false
788876,Q2,Q02,F,31-35,true,false,false
789373,S500,Q06,M,26-30,true,true,false
792564,Q1,Q01,F,31-35,true,false,false
792766,S500,Q04,M,31-35,false,false,false
792867,S900,Q12,M,36+,true,false,false
793465,S900,Q10,M,22-25,false,false,false
800941,S900,Q10,M,26-30,true,false,false
802844,S500,Q06,F,22-25,true,false,false
803240,S900,Q09,M,22-25,true,false,false
804646,S1200,Q13,F,31-35,false,false,false
809252,S1200,Q11,F,26-30,false,false,false
810439,S900,Q08,M,26-30,false,false,false
810843,S900,Q11,M,31-35,true,false,false
812746,S900,Q11,M,22-25,true,false,false
814548,S1200,Q13,F,31-35,true,false,false
814649,S500,Q05,M,26-30,false,true,true
815247,S1200,Q08,M,26-30,true,false,false
816653,S500,Q04,F,22-25,true,false,false
816855,S900,Q08,M,26-30,false,false,false
818455,S1200,Q08,M,31-35,true,false,false
818859,S900,Q08,M,31-35,true,true,false
820745,S900,Q07,M,31-35,true,false,false
822244,S1200,Q08,F,26-30,false,false,false
822850,S900,Q05,M,26-30,false,false,false
825048,MEG2,Q07,F,31-35,true,true,false
825351,S900,Q09,M,26-30,false,false,false
825553,S1200,Q09,M,26-30,true,false,false
825654,S1200,Q12,F,31-35,true,false,false
826353,Q1,Q01,F,26-30,true,true,false
826454,S500,Q06,F,26-30,true,false,false
827052,S1200,Q13,F,26-30,false,false,false
828862,S1200,Q13,F,26-30,true,false,false
832651,S1200,Q12,M,22-25,true,false,false
833148,S500,Q05,M,26-30,true,false,false
833249,S500,Q04,F,26-30,true,true,false
835657,S900,Q11,F,31-35,true,false,false
837560,S500,Q05,M,26-30,true,false,false
837863,S900,Q11,M,26-30,false,false,false
837964,S500,Q06,F,31-35,true,false,false
841349,S900,Q10,F,26-30,true,false,false
843151,S900,Q11,M,26-30,true,false,false
844961,S900,Q08,F,31-35,true,false,false
845458,S500,Q06,F,31-35,true,false,false
849264,S900,Q10,F,31-35,true,false,false
849971,S500,Q05,M,22-25,true,false,false
852455,S900,Q08,F,26-30,true,false,false
856463,S900,Q09,F,31-35,false,false,false
856766,Q1,Q01,F,31-35,true,false,false
856968,S900,Q10,M,31-35,true,false,false
857263,Q2,Q02,M,22-25,true,false,false
859671,Q1,Q02,F,31-35,true,true,false
861456,Q1,Q01,F,31-35,true,true,false
865363,Q1,Q01,M,22-25,true,false,false
867468,S900,Q07,M,22-25,true,false,false
869472,S1200,Q11,F,22-25,true,false,false
870861,S900,Q09,M,31-35,true,false,false
871762,S500,Q06,M,26-30,true,true,false
871964,Q3,Q03,M,26-30,true,false,false
872158,Q2,Q02,F,26-30,false,false,false
872562,S900,Q08,F,31-35,true,false,false
872764,S500,Q06,F,26-30,false,true,false
873968,S900,Q06,F,22-25,true,false,false
876873,S900,Q08,F,26-30,false,false,false
877168,Q1,Q01,F,31-35,false,false,false
877269,S500,Q05,F,22-25,true,false,false
878574,S900,Q03,F,26-30,false,false,false
878776,S900,Q10,M,22-25,false,true,false
878877,S1200,Q09,M,26-30,true,true,false
880157,S900,Q08,M,31-35,true,false,false
882161,S900,Q07,F,26-30,true,false,false
884064,S1200,Q07,F,31-35,false,false,false
884973,S900,Q11,F,31-35,false,false,false
885975,Q2,Q02,F,26-30,true,false,false
886674,S1200,Q11,M,22-25,true,false,false
887373,Q2,Q03,F,31-35,true,false,false
888678,S1200,Q13,M,26-30,false,false,false
889579,Q1,Q01,M,31-35,true,false,false
891667,S900,Q10,M,26-30,true,false,true
894067,S900,Q08,M,31-35,true,false,false
894673,Q1,Q02,F,26-30,true,false,false
894774,S900,Q10,M,26-30,true,false,false
896778,Q1,Q01,F,31-35,true,false,false
896879,Q1,Q02,M,26-30,true,false,false
898176,S500,Q06,M,31-35,true,true,true
899885,Q3,Q03,F,26-30,true,true,false
901038,S500,Q06,M,26-30,false,false,false
901139,Q1,Q01,F,26-30,true,true,false
901442,S500,Q06,F,26-30,true,true,false
902242,S1200,Q08,F,36+,true,false,false
904044,Q3,Q03,F,31-35,true,false,false
905147,S1200,Q13,F,36+,true,true,false
907656,S500,Q06,F,31-35,true,false,false
908860,S1200,Q10,M,26-30,true,false,false
910241,S500,Q05,M,26-30,true,true,false
910443,S900,Q11,F,26-30,true,false,false
911849,S1200,Q13,F,31-35,true,false,false
912447,S500,Q06,M,26-30,true,false,false
912548,S900,Q05,F,31-35,false,false,false
915554,S1200,Q13,M,22-25,false,false,false
917255,Q1,Q02,M,31-35,true,false,false
917558,S900,Q12,F,31-35,true,false,false
919158,S900,Q12,F,31-35,false,false,false
919966,S900,Q11,F,31-35,true,false,false
922854,S500,Q07,M,26-30,true,false,false
923755,S900,Q10,F,26-30,true,false,false
926862,S900,Q09,M,26-30,false,true,false
927359,S900,Q07,M,22-25,true,true,false
929464,S1200,Q11,F,26-30,false,false,false
930449,S500,Q05,F,22-25,true,false,false
932554,Q2,Q02,M,26-30,true,false,false
933253,S1200,Q12,F,26-30,true,false,false
937160,Q1,Q01,M,26-30,false,false,false
940553,S900,Q12,M,22-25,false,false,false
942658,S900,Q08,M,26-30,true,true,false
943862,S1200,Q09,M,26-30,true,true,false
946666,S900,Q05,M,31-35,false,false,false
947668,S900,Q08,F,26-30,true,false,false
951457,Q3,Q03,F,31-35,false,false,false
952863,S900,Q10,F,22-25,true,false,false
953764,S900,Q10,F,31-35,false,false,false
955465,S900,Q08,M,26-30,true,false,false
957974,S500,Q04,F,26-30,true,false,false
958976,S500,Q05,M,26-30,true,true,false
959069,S1200,Q04,M,31-35,false,false,false
959574,Q3,Q03,F,26-30,true,false,false
962058,S1200,Q08,M,26-30,true,false,false
965367,S500,Q07,M,31-35,true,false,false
965771,S500,Q05,M,31-35,true,false,false
966975,S900,Q12,M,22-25,true,true,false
969476,S1200,Q12,M,31-35,true,false,false
970764,S1200,Q09,F,22-25,true,false,false
971160,S1200,Q10,M,26-30,true,true,false
972566,S900,Q11,F,31-35,false,false,false
973770,S1200,Q13,M,22-25,false,false,false
978578,Q3,Q04,F,31-35,true,false,false
979984,S500,Q07,F,31-35,false,false,false
983773,S500,Q05,M,26-30,true,false,false
984472,Q2,Q02,F,26-30,true,false,false
987074,S1200,Q10,M,22-25,true,false,false
987983,S500,Q04,F,26-30,true,false,false
989987,S1200,Q13,M,31-35,true,false,false
990366,S900,Q10,M,22-25,true,false,false
991267,S500,Q06,M,26-30,true,false,false
992673,S900,Q12,F,31-35,true,false,false
992774,Q2,Q02,M,31-35,true,false,false
993675,S900,Q09,F,26-30,true,false,false
994273,S500,Q06,M,26-30,true,false,false
995174,S1200,Q13,M,22-25,false,false,false
996782,S900,Q08,F,26-30,true,false,false